protocol,posted_date,post_id
Bitcoin Cash,2018-01-12,40.0
Bitcoin Cash,2018-01-13,44.0
Bitcoin Cash,2018-01-14,28.0
Bitcoin Cash,2018-01-15,47.0
Bitcoin Cash,2018-01-16,40.0
Bitcoin Cash,2018-01-17,38.0
Bitcoin Cash,2018-01-18,35.0
Bitcoin Cash,2018-01-19,26.0
Bitcoin Cash,2018-01-20,20.0
Bitcoin Cash,2018-01-21,16.0
Bitcoin Cash,2018-01-22,21.0
Bitcoin Cash,2018-01-23,30.0
Bitcoin Cash,2018-01-24,19.0
Bitcoin Cash,2018-01-25,23.0
Bitcoin Cash,2018-01-26,21.0
Bitcoin Cash,2018-01-27,18.0
Bitcoin Cash,2018-01-28,26.0
Bitcoin Cash,2018-01-29,21.0
Dfinity,2018-01-12,1.0
Dfinity,2018-01-15,1.0
Dfinity,2018-01-17,2.0
Dfinity,2018-01-18,2.0
Dfinity,2018-01-19,2.0
Dfinity,2018-01-21,2.0
Dfinity,2018-01-24,4.0
Dfinity,2018-01-27,2.0
Dfinity,2018-01-28,1.0
Ethereum,2018-01-12,50.0
Ethereum,2018-01-13,46.0
Ethereum,2018-01-14,37.0
Ethereum,2018-01-15,54.0
Ethereum,2018-01-16,50.0
Ethereum,2018-01-17,55.0
Ethereum,2018-01-18,56.0
Ethereum,2018-01-19,52.0
Ethereum,2018-01-20,44.0
Ethereum,2018-01-21,64.0
Ethereum,2018-01-22,22.0
Ethereum,2018-01-23,88.0
Ethereum,2018-01-24,76.0
Ethereum,2018-01-25,60.0
Ethereum,2018-01-26,47.0
Ethereum,2018-01-27,48.0
Ethereum,2018-01-28,43.0
Ethereum,2018-01-29,49.0
Filecoin,2018-01-14,4.0
Filecoin,2018-01-15,2.0
Filecoin,2018-01-16,2.0
Filecoin,2018-01-17,2.0
Filecoin,2018-01-18,1.0
Filecoin,2018-01-19,1.0
Filecoin,2018-01-20,2.0
Filecoin,2018-01-22,3.0
Filecoin,2018-01-23,4.0
Filecoin,2018-01-25,4.0
Filecoin,2018-01-26,3.0
Filecoin,2018-01-27,1.0
MaidSafe,2018-01-12,9.0
MaidSafe,2018-01-13,5.0
MaidSafe,2018-01-14,3.0
MaidSafe,2018-01-15,4.0
MaidSafe,2018-01-16,3.0
MaidSafe,2018-01-17,2.0
MaidSafe,2018-01-18,4.0
MaidSafe,2018-01-19,4.0
MaidSafe,2018-01-20,3.0
MaidSafe,2018-01-21,4.0
MaidSafe,2018-01-22,3.0
MaidSafe,2018-01-23,4.0
MaidSafe,2018-01-24,1.0
MaidSafe,2018-01-25,2.0
MaidSafe,2018-01-26,2.0
MaidSafe,2018-01-28,1.0
Maker,2018-01-12,5.0
Maker,2018-01-13,4.0
Maker,2018-01-14,1.0
Maker,2018-01-15,6.0
Maker,2018-01-16,3.0
Maker,2018-01-17,4.0
Maker,2018-01-18,11.0
Maker,2018-01-19,14.0
Maker,2018-01-20,5.0
Maker,2018-01-21,7.0
Maker,2018-01-22,6.0
Maker,2018-01-23,8.0
Maker,2018-01-24,6.0
Maker,2018-01-25,5.0
Maker,2018-01-26,9.0
Maker,2018-01-27,6.0
Maker,2018-01-28,6.0
Maker,2018-01-29,7.0
Monero,2018-01-12,34.0
Monero,2018-01-13,29.0
Monero,2018-01-14,38.0
Monero,2018-01-15,39.0
Monero,2018-01-16,28.0
Monero,2018-01-17,37.0
Monero,2018-01-18,39.0
Monero,2018-01-19,31.0
Monero,2018-01-20,38.0
Monero,2018-01-21,46.0
Monero,2018-01-22,23.0
Monero,2018-01-23,42.0
Monero,2018-01-24,32.0
Monero,2018-01-25,24.0
Monero,2018-01-26,37.0
Monero,2018-01-27,34.0
Monero,2018-01-28,23.0
Monero,2018-01-29,34.0
Raiblocks,2018-01-12,118.0
Raiblocks,2018-01-13,93.0
Raiblocks,2018-01-14,114.0
Raiblocks,2018-01-15,96.0
Raiblocks,2018-01-16,117.0
Raiblocks,2018-01-17,91.0
Raiblocks,2018-01-18,90.0
Raiblocks,2018-01-19,134.0
Raiblocks,2018-01-20,138.0
Raiblocks,2018-01-21,98.0
Raiblocks,2018-01-22,22.0
Raiblocks,2018-01-23,80.0
Raiblocks,2018-01-24,131.0
Raiblocks,2018-01-25,123.0
Raiblocks,2018-01-26,136.0
Raiblocks,2018-01-27,146.0
Raiblocks,2018-01-28,99.0
Raiblocks,2018-01-29,80.0
Raiden,2018-01-12,3.0
Raiden,2018-01-13,5.0
Raiden,2018-01-14,6.0
Raiden,2018-01-15,2.0
Raiden,2018-01-16,4.0
Raiden,2018-01-17,3.0
Raiden,2018-01-18,2.0
Raiden,2018-01-19,1.0
Raiden,2018-01-20,5.0
Raiden,2018-01-21,2.0
Raiden,2018-01-22,5.0
Raiden,2018-01-23,7.0
Raiden,2018-01-24,8.0
Raiden,2018-01-25,5.0
Raiden,2018-01-26,2.0
Raiden,2018-01-28,6.0
Raiden,2018-01-29,2.0
Sia,2018-01-12,15.0
Sia,2018-01-13,21.0
Sia,2018-01-14,11.0
Sia,2018-01-15,14.0
Sia,2018-01-16,14.0
Sia,2018-01-17,29.0
Sia,2018-01-18,30.0
Sia,2018-01-19,34.0
Sia,2018-01-20,33.0
Sia,2018-01-21,39.0
Sia,2018-01-22,23.0
Sia,2018-01-23,41.0
Sia,2018-01-24,38.0
Sia,2018-01-25,50.0
Sia,2018-01-26,53.0
Sia,2018-01-27,35.0
Sia,2018-01-28,32.0
Sia,2018-01-29,32.0
Storj,2018-01-12,1.0
Storj,2018-01-13,1.0
Storj,2018-01-14,2.0
Storj,2018-01-15,1.0
Storj,2018-01-16,2.0
Storj,2018-01-17,5.0
Storj,2018-01-18,3.0
Storj,2018-01-19,3.0
Storj,2018-01-20,2.0
Storj,2018-01-21,1.0
Storj,2018-01-22,1.0
Storj,2018-01-23,1.0
Storj,2018-01-24,1.0
Storj,2018-01-25,4.0
Storj,2018-01-26,2.0
Storj,2018-01-27,1.0
Storj,2018-01-28,3.0
Storj,2018-01-29,3.0
Tether,2018-01-12,2.0
Tether,2018-01-13,6.0
Tether,2018-01-14,3.0
Tether,2018-01-15,2.0
Tether,2018-01-16,4.0
Tether,2018-01-17,11.0
Tether,2018-01-18,12.0
Tether,2018-01-19,8.0
Tether,2018-01-20,20.0
Tether,2018-01-21,19.0
Tether,2018-01-22,10.0
Tether,2018-01-23,20.0
Tether,2018-01-24,19.0
Tether,2018-01-25,16.0
Tether,2018-01-26,23.0
Tether,2018-01-27,23.0
Tether,2018-01-28,37.0
Tether,2018-01-29,32.0
Tezos,2018-01-12,9.0
Tezos,2018-01-13,8.0
Tezos,2018-01-14,5.0
Tezos,2018-01-15,8.0
Tezos,2018-01-16,9.0
Tezos,2018-01-17,9.0
Tezos,2018-01-18,13.0
Tezos,2018-01-19,46.0
Tezos,2018-01-20,26.0
Tezos,2018-01-22,26.0
Tezos,2018-01-23,21.0
Tezos,2018-01-24,13.0
Tezos,2018-01-25,18.0
Tezos,2018-01-26,8.0
Tezos,2018-01-27,7.0
Tezos,2018-01-28,10.0
Tezos,2018-01-29,34.0
Urbit,,
Plasma,,
